accuracy,precision,recall,f1_score,roc_auc,classification_report,best_hyperparameters
0.9991573329588147,0.8289473684210527,0.6428571428571429,0.7241379310344828,0.9609374102764348,"{'0': {'precision': 0.9993847343810428, 'recall': 0.9997713843556556, 'f1-score': 0.9995780219780219, 'support': 56864.0}, '1': {'precision': 0.8289473684210527, 'recall': 0.6428571428571429, 'f1-score': 0.7241379310344828, 'support': 98.0}, 'accuracy': 0.9991573329588147, 'macro avg': {'precision': 0.9141660514010477, 'recall': 0.8213142636063993, 'f1-score': 0.8618579765062524, 'support': 56962.0}, 'weighted avg': {'precision': 0.9990915062313275, 'recall': 0.9991573329588147, 'f1-score': 0.9991041423931677, 'support': 56962.0}}","{'solver': 'liblinear', 'penalty': 'l1', 'C': 0.29763514416313175}"
