accuracy,precision,recall,f1_score,roc_auc,classification_report,best_hyperparameters
0.9984902215512096,0.6304347826086957,0.29591836734693877,0.4027777777777778,0.6047262426354898,"{'0': {'precision': 0.9987876871178579, 'recall': 0.9997010410804728, 'f1-score': 0.99924415538759, 'support': 56864.0}, '1': {'precision': 0.6304347826086957, 'recall': 0.29591836734693877, 'f1-score': 0.4027777777777778, 'support': 98.0}, 'accuracy': 0.9984902215512096, 'macro avg': {'precision': 0.8146112348632768, 'recall': 0.6478097042137058, 'f1-score': 0.7010109665826839, 'support': 56962.0}, 'weighted avg': {'precision': 0.998153956128042, 'recall': 0.9984902215512096, 'f1-score': 0.9982179676658498, 'support': 56962.0}}","{'C': np.float64(0.0006951927961775605), 'max_iter': 10000, 'penalty': 'l2', 'solver': 'saga'}"
