accuracy,precision,recall,f1_score,roc_auc,classification_report,best_hyperparameters
0.9982444436641972,0.4791666666666667,0.23469387755102042,0.3150684931506849,0.5991974765426711,"{'0': {'precision': 0.9986822223003128, 'recall': 0.9995603545301069, 'f1-score': 0.9991210954666104, 'support': 56864.0}, '1': {'precision': 0.4791666666666667, 'recall': 0.23469387755102042, 'f1-score': 0.3150684931506849, 'support': 98.0}, 'accuracy': 0.9982444436641972, 'macro avg': {'precision': 0.7389244444834897, 'recall': 0.6171271160405637, 'f1-score': 0.6570947943086477, 'support': 56962.0}, 'weighted avg': {'precision': 0.9977884242515769, 'recall': 0.9982444436641972, 'f1-score': 0.9979442204441927, 'support': 56962.0}}","{'C': np.float64(0.03359818286283781), 'max_iter': 10000, 'penalty': 'l2', 'solver': 'saga'}"
