accuracy,precision,recall,f1_score,roc_auc,classification_report,best_hyperparameters
0.999420666409185,0.8823529411764706,0.7653061224489796,0.819672131147541,0.9520291163736175,"{'0': {'precision': 0.9995956186156091, 'recall': 0.9998241418120428, 'f1-score': 0.9997098671543243, 'support': 56864.0}, '1': {'precision': 0.8823529411764706, 'recall': 0.7653061224489796, 'f1-score': 0.819672131147541, 'support': 98.0}, 'accuracy': 0.999420666409185, 'macro avg': {'precision': 0.9409742798960399, 'recall': 0.8825651321305112, 'f1-score': 0.9096909991509327, 'support': 56962.0}, 'weighted avg': {'precision': 0.9993939090129084, 'recall': 0.999420666409185, 'f1-score': 0.9994001220939566, 'support': 56962.0}}","{'solver': 'liblinear', 'penalty': 'l2', 'C': np.float64(37.92690190732246)}"
